GL,IP,MAC
LAT:7.90051571 LON:-72.50080586,192.168.127.1,00:0C:42:A4:95:8B
LAT:7.900470 LON:-72.500806,192.168.127.1,00:0C:42:A4:95:8B
 LAT:3.39772369 LON:-76.53682708,172.19.0.253,00:00:0C:9F:F3:F8
LAT:3.397485 LON:-76.536820,172.19.0.253,00:00:0C:9F:F3:F8
LAT:3.397584 LAT:-76.537021,172.19.0.253,00:00:0C:9F:F3:F8
